{"cameraMode":{"drawMode":0,"name":"Shaded","section":"Shading Mode"},"sceneLighting":false,"audioPlay":false,"sceneViewState":{"m_AlwaysRefresh":false,"showFog":false,"showSkybox":false,"showFlares":false,"showImageEffects":false,"showParticleSystems":false,"showVisualEffectGraphs":true,"m_FxEnabled":true},"in2DMode":false,"pivot":{"x":0.19795045256614686,"y":0.36779630184173586,"z":0.24350610375404359},"rotation":{"x":0.08961784839630127,"y":0.6797223091125488,"z":-0.08424453437328339,"w":0.7230880856513977},"size":0.4485602080821991,"orthographic":false}