{"cameraMode":{"drawMode":0,"name":"Shaded","section":"Shading Mode"},"sceneLighting":true,"audioPlay":false,"sceneViewState":{"m_AlwaysRefresh":false,"showFog":true,"showSkybox":true,"showFlares":true,"showImageEffects":true,"showParticleSystems":true,"showVisualEffectGraphs":true,"m_FxEnabled":true},"in2DMode":false,"pivot":{"x":0.007035210728645325,"y":0.2664248049259186,"z":-0.022518640384078027},"rotation":{"x":0.21487098932266236,"y":0.2073650062084198,"z":-0.04672291502356529,"w":0.9532462358474731},"size":4.75539493560791,"orthographic":true}