{"cameraMode":{"drawMode":0,"name":"Shaded","section":"Shading Mode"},"sceneLighting":true,"audioPlay":false,"sceneViewState":{"m_AlwaysRefresh":false,"showFog":true,"showSkybox":true,"showFlares":true,"showImageEffects":true,"showParticleSystems":true,"showVisualEffectGraphs":true,"m_FxEnabled":true},"in2DMode":false,"pivot":{"x":-0.14483264088630677,"y":-1.070500373840332,"z":1.0348857641220093},"rotation":{"x":0.30865079164505007,"y":-0.014272046275436879,"z":0.004629779607057571,"w":0.951060950756073},"size":2.6365249156951906,"orthographic":false}