{"cameraMode":{"drawMode":0,"name":"Shaded","section":"Shading Mode"},"sceneLighting":true,"audioPlay":false,"sceneViewState":{"m_AlwaysRefresh":false,"showFog":true,"showSkybox":true,"showFlares":true,"showImageEffects":true,"showParticleSystems":true,"showVisualEffectGraphs":true,"m_FxEnabled":true},"in2DMode":false,"pivot":{"x":1.1407594680786133,"y":-0.05598397180438042,"z":-0.11888425052165985},"rotation":{"x":0.010635513812303543,"y":0.9879103302955627,"z":-0.13298644125461579,"w":0.07900376617908478},"size":0.43465447425842287,"orthographic":false}