{"cameraMode":{"drawMode":0,"name":"Shaded","section":"Shading Mode"},"sceneLighting":true,"audioPlay":false,"sceneViewState":{"m_AlwaysRefresh":false,"showFog":true,"showSkybox":true,"showFlares":true,"showImageEffects":true,"showParticleSystems":true,"showVisualEffectGraphs":true,"m_FxEnabled":true},"in2DMode":false,"pivot":{"x":923.2625122070313,"y":549.178955078125,"z":20.7716064453125},"rotation":{"x":0.03181590512394905,"y":0.021187664940953256,"z":-0.00026020544464699924,"w":0.9995446801185608},"size":552.0995483398438,"orthographic":false}