{"cameraMode":{"drawMode":0,"name":"Shaded","section":"Shading Mode"},"sceneLighting":true,"audioPlay":false,"sceneViewState":{"m_AlwaysRefresh":false,"showFog":true,"showSkybox":true,"showFlares":true,"showImageEffects":true,"showParticleSystems":true,"showVisualEffectGraphs":true,"m_FxEnabled":true},"in2DMode":false,"pivot":{"x":-0.5104622840881348,"y":0.5085407495498657,"z":-0.6730948686599731},"rotation":{"x":0.002352771582081914,"y":-0.9937018752098084,"z":0.1104537770152092,"w":0.020872071385383607},"size":2.7855887413024904,"orthographic":false}