{"cameraMode":{"drawMode":0,"name":"Shaded","section":"Shading Mode"},"sceneLighting":true,"audioPlay":false,"sceneViewState":{"m_AlwaysRefresh":false,"showFog":true,"showSkybox":true,"showFlares":true,"showImageEffects":true,"showParticleSystems":true,"showVisualEffectGraphs":true,"m_FxEnabled":true},"in2DMode":false,"pivot":{"x":1.5119354724884034,"y":0.31189000606536868,"z":5.2611083984375},"rotation":{"x":0.04569584131240845,"y":0.8306912779808044,"z":-0.06894705444574356,"w":0.5505589246749878},"size":1.5140430927276612,"orthographic":false}