{"cameraMode":{"drawMode":0,"name":"Shaded","section":"Shading Mode"},"sceneLighting":true,"audioPlay":false,"sceneViewState":{"m_AlwaysRefresh":false,"showFog":true,"showSkybox":true,"showFlares":true,"showImageEffects":true,"showParticleSystems":true,"showVisualEffectGraphs":true,"m_FxEnabled":true},"in2DMode":false,"pivot":{"x":-1.4762760400772095,"y":-0.008824586868286133,"z":6.0532073974609379},"rotation":{"x":-0.10311365127563477,"y":0.8714818954467773,"z":-0.2080175131559372,"w":-0.4319908320903778},"size":1.247030258178711,"orthographic":false}